LINK_START_NODE;LINK_END_NODE;START_ACTIVITY;END_ACTIVITY;MINIMUM_RUN_TIME_SECONDS
CUSTEBT;CUSTMHS;PASS;PASS;8
CUSTEBT;CUSTMHS;STOP;PASS;23
CUSTEBT;CUSTMHS;PASS;STOP;16
CUSTEBT;CUSTMHS;STOP;STOP;38
CUSTMHS;CUSTEBT;PASS;PASS;15
CUSTMHS;CUSTEBT;STOP;PASS;15
CUSTMHS;CUSTEBT;PASS;STOP;15
CUSTMHS;CUSTEBT;STOP;STOP;30
TWYFORD;TWYFDW;PASS;PASS;75
TWYFORD;TWYFDW;STOP;PASS;90
TWYFORD;TWYFDW;PASS;STOP;90
TWYFORD;TWYFDW;STOP;STOP;105
TWYFDW;TWYFORD;PASS;PASS;75
TWYFDW;TWYFORD;STOP;PASS;90
TWYFDW;TWYFORD;PASS;STOP;90
TWYFDW;TWYFORD;STOP;STOP;105
FRNDXR;FRNDFST;PASS;PASS;42
FRNDXR;FRNDFST;STOP;PASS;56
FRNDXR;FRNDFST;PASS;STOP;57
FRNDXR;FRNDFST;STOP;STOP;72
FRNDFST;FRNDXR;PASS;PASS;56
FRNDFST;FRNDXR;STOP;PASS;71
FRNDFST;FRNDXR;PASS;STOP;71
FRNDFST;FRNDXR;STOP;STOP;86
ZZZHAN;HANWELL;PASS;PASS;8
ZZZHAN;HANWELL;STOP;PASS;26
ZZZHAN;HANWELL;PASS;STOP;14
ZZZHAN;HANWELL;STOP;STOP;41
HANWELL;ZZZHAN;PASS;PASS;7
HANWELL;ZZZHAN;STOP;PASS;13
HANWELL;ZZZHAN;PASS;STOP;22
HANWELL;ZZZHAN;STOP;STOP;37
MDNHEAD;MDNHDCS;PASS;PASS;84
MDNHEAD;MDNHDCS;STOP;PASS;99
MDNHEAD;MDNHDCS;PASS;STOP;99
MDNHEAD;MDNHDCS;STOP;STOP;120
MDNHDCS;MDNHEAD;PASS;PASS;53
MDNHDCS;MDNHEAD;STOP;PASS;68
MDNHDCS;MDNHEAD;PASS;STOP;68
MDNHDCS;MDNHEAD;STOP;STOP;120
LDBRKJ;PRTOBJP;PASS;PASS;60
LDBRKJ;PRTOBJP;STOP;PASS;105
LDBRKJ;PRTOBJP;PASS;STOP;105
LDBRKJ;PRTOBJP;STOP;STOP;120
PRTOBJP;LDBRKJ;PASS;PASS;60
PRTOBJP;LDBRKJ;STOP;PASS;105
PRTOBJP;LDBRKJ;PASS;STOP;105
PRTOBJP;LDBRKJ;STOP;STOP;120
ZZZHBJN;HANWELL;PASS;PASS;39
ZZZHBJN;HANWELL;STOP;PASS;54
ZZZHBJN;HANWELL;PASS;STOP;57
ZZZHBJN;HANWELL;STOP;STOP;69
HANWELL;ZZZHBJN;PASS;PASS;46
HANWELL;ZZZHBJN;STOP;PASS;56
HANWELL;ZZZHBJN;PASS;STOP;78
HANWELL;ZZZHBJN;STOP;STOP;93
STFD;PUDGMLL;PASS;PASS;54
STFD;PUDGMLL;STOP;PASS;54
STFD;PUDGMLL;PASS;STOP;69
STFD;PUDGMLL;STOP;STOP;84
PUDGMLL;STFD;PASS;PASS;74
PUDGMLL;STFD;STOP;PASS;89
PUDGMLL;STFD;PASS;STOP;55
PUDGMLL;STFD;STOP;STOP;104
RDNGNJN;RDNGKBJ;PASS;PASS;36
RDNGNJN;RDNGKBJ;STOP;PASS;51
RDNGNJN;RDNGKBJ;PASS;STOP;51
RDNGNJN;RDNGKBJ;STOP;STOP;66
RDNGKBJ;RDNGNJN;PASS;PASS;47
RDNGKBJ;RDNGNJN;STOP;PASS;74
RDNGKBJ;RDNGNJN;PASS;STOP;74
RDNGKBJ;RDNGNJN;STOP;STOP;89
MDNHEAD;MDNHDRS;PASS;PASS;90
MDNHEAD;MDNHDRS;STOP;PASS;105
MDNHEAD;MDNHDRS;PASS;STOP;105
MDNHEAD;MDNHDRS;STOP;STOP;120
MDNHDRS;MDNHEAD;PASS;PASS;75
MDNHDRS;MDNHEAD;STOP;PASS;90
MDNHDRS;MDNHEAD;PASS;STOP;90
MDNHDRS;MDNHEAD;STOP;STOP;90
SVNKNGS;ILFELWJ;PASS;PASS;24
SVNKNGS;ILFELWJ;STOP;PASS;14
SVNKNGS;ILFELWJ;PASS;STOP;267
SVNKNGS;ILFELWJ;STOP;STOP;282
ILFELWJ;SVNKNGS;PASS;PASS;23
ILFELWJ;SVNKNGS;STOP;PASS;38
ILFELWJ;SVNKNGS;PASS;STOP;19
ILFELWJ;SVNKNGS;STOP;STOP;53
FRSTGT;FRSTGTJ;PASS;PASS;98
FRSTGT;FRSTGTJ;STOP;PASS;60
FRSTGT;FRSTGTJ;PASS;STOP;113
FRSTGT;FRSTGTJ;STOP;STOP;128
FRSTGTJ;FRSTGT;PASS;PASS;116
FRSTGTJ;FRSTGT;STOP;PASS;131
FRSTGTJ;FRSTGT;PASS;STOP;60
FRSTGTJ;FRSTGT;STOP;STOP;146
WEALING;WEALJN;PASS;PASS;7
WEALING;WEALJN;STOP;PASS;11
WEALING;WEALJN;PASS;STOP;25
WEALING;WEALJN;STOP;STOP;40
WEALJN;WEALING;PASS;PASS;6
WEALJN;WEALING;STOP;PASS;21
WEALJN;WEALING;PASS;STOP;12
WEALJN;WEALING;STOP;STOP;36
SLOUGH;DOLPHNJ;PASS;PASS;105
SLOUGH;DOLPHNJ;STOP;PASS;68
SLOUGH;DOLPHNJ;PASS;STOP;131
SLOUGH;DOLPHNJ;STOP;STOP;146
DOLPHNJ;SLOUGH;PASS;PASS;66
DOLPHNJ;SLOUGH;STOP;PASS;91
DOLPHNJ;SLOUGH;PASS;STOP;69
DOLPHNJ;SLOUGH;STOP;STOP;106
MDNHEAD;MDNHDE;PASS;PASS;26
MDNHEAD;MDNHDE;STOP;PASS;37
MDNHEAD;MDNHDE;PASS;STOP;41
MDNHEAD;MDNHDE;STOP;STOP;56
MDNHDE;MDNHEAD;PASS;PASS;54
MDNHDE;MDNHEAD;STOP;PASS;69
MDNHDE;MDNHEAD;PASS;STOP;38
MDNHDE;MDNHEAD;STOP;STOP;84
WHELSTJ;LIVST;PASS;PASS;98
WHELSTJ;LIVST;STOP;PASS;113
WHELSTJ;LIVST;PASS;STOP;113
WHELSTJ;LIVST;STOP;STOP;128
LIVST;WHELSTJ;PASS;PASS;81
LIVST;WHELSTJ;STOP;PASS;96
LIVST;WHELSTJ;PASS;STOP;96
LIVST;WHELSTJ;STOP;STOP;111
CUSTEBT;WOLWXR;PASS;PASS;180
CUSTEBT;WOLWXR;STOP;PASS;195
CUSTEBT;WOLWXR;PASS;STOP;195
CUSTEBT;WOLWXR;STOP;STOP;210
WOLWXR;CUSTEBT;PASS;PASS;143
WOLWXR;CUSTEBT;STOP;PASS;194
WOLWXR;CUSTEBT;PASS;STOP;158
WOLWXR;CUSTEBT;STOP;STOP;173
FRIARSJ;OLDOKCW;PASS;PASS;26
FRIARSJ;OLDOKCW;STOP;PASS;48
FRIARSJ;OLDOKCW;PASS;STOP;48
FRIARSJ;OLDOKCW;STOP;STOP;63
OLDOKCW;FRIARSJ;PASS;PASS;21
OLDOKCW;FRIARSJ;STOP;PASS;47
OLDOKCW;FRIARSJ;PASS;STOP;47
OLDOKCW;FRIARSJ;STOP;STOP;62
GODMAYS;CHDWLHT;PASS;PASS;46
GODMAYS;CHDWLHT;STOP;PASS;103
GODMAYS;CHDWLHT;PASS;STOP;103
GODMAYS;CHDWLHT;STOP;STOP;90
CHDWLHT;GODMAYS;PASS;PASS;43
CHDWLHT;GODMAYS;STOP;PASS;100
CHDWLHT;GODMAYS;PASS;STOP;100
CHDWLHT;GODMAYS;STOP;STOP;90
GODMAYS;SVNKNGS;PASS;PASS;44
GODMAYS;SVNKNGS;STOP;PASS;103
GODMAYS;SVNKNGS;PASS;STOP;103
GODMAYS;SVNKNGS;STOP;STOP;90
SVNKNGS;GODMAYS;PASS;PASS;48
SVNKNGS;GODMAYS;STOP;PASS;106
SVNKNGS;GODMAYS;PASS;STOP;106
SVNKNGS;GODMAYS;STOP;STOP;90
HTRWTJN;HTRWAPT;PASS;PASS;225
HTRWTJN;HTRWAPT;STOP;PASS;240
HTRWTJN;HTRWAPT;PASS;STOP;180
HTRWTJN;HTRWAPT;STOP;STOP;255
HTRWAPT;HTRWTJN;PASS;PASS;135
HTRWAPT;HTRWTJN;STOP;PASS;150
HTRWAPT;HTRWTJN;PASS;STOP;150
HTRWAPT;HTRWTJN;STOP;STOP;165
ZZZFRD;BNHAM;PASS;PASS;157
ZZZFRD;BNHAM;STOP;PASS;172
ZZZFRD;BNHAM;PASS;STOP;109
ZZZFRD;BNHAM;STOP;STOP;187
BNHAM;ZZZFRD;PASS;PASS;79
BNHAM;ZZZFRD;STOP;PASS;108
BNHAM;ZZZFRD;PASS;STOP;94
BNHAM;ZZZFRD;STOP;STOP;109
LANGLEY;IVER;PASS;PASS;84
LANGLEY;IVER;STOP;PASS;102
LANGLEY;IVER;PASS;STOP;99
LANGLEY;IVER;STOP;STOP;120
IVER;LANGLEY;PASS;PASS;81
IVER;LANGLEY;STOP;PASS;99
IVER;LANGLEY;PASS;STOP;103
IVER;LANGLEY;STOP;STOP;120
STFD;MRYLAND;PASS;PASS;59
STFD;MRYLAND;STOP;PASS;44
STFD;MRYLAND;PASS;STOP;74
STFD;MRYLAND;STOP;STOP;90
MRYLAND;STFD;PASS;PASS;71
MRYLAND;STFD;STOP;PASS;86
MRYLAND;STFD;PASS;STOP;63
MRYLAND;STFD;STOP;STOP;120
PADTON;ROYAOJN;PASS;PASS;45
PADTON;ROYAOJN;STOP;PASS;60
PADTON;ROYAOJN;PASS;STOP;60
PADTON;ROYAOJN;STOP;STOP;75
ROYAOJN;PADTON;PASS;PASS;45
ROYAOJN;PADTON;STOP;PASS;60
ROYAOJN;PADTON;PASS;STOP;60
ROYAOJN;PADTON;STOP;STOP;75
TOTCFST;FRNDFST;PASS;PASS;6
TOTCFST;FRNDFST;STOP;PASS;21
TOTCFST;FRNDFST;PASS;STOP;21
TOTCFST;FRNDFST;STOP;STOP;36
FRNDFST;TOTCFST;PASS;PASS;4
FRNDFST;TOTCFST;STOP;PASS;19
FRNDFST;TOTCFST;PASS;STOP;19
FRNDFST;TOTCFST;STOP;STOP;34
RDNGSTN;ZZZREJN;PASS;PASS;9
RDNGSTN;ZZZREJN;STOP;PASS;24
RDNGSTN;ZZZREJN;PASS;STOP;24
RDNGSTN;ZZZREJN;STOP;STOP;39
ZZZREJN;RDNGSTN;PASS;PASS;26
ZZZREJN;RDNGSTN;STOP;PASS;41
ZZZREJN;RDNGSTN;PASS;STOP;33
ZZZREJN;RDNGSTN;STOP;STOP;56
SHENFLD;SHENFMS;PASS;PASS;75
SHENFLD;SHENFMS;STOP;PASS;90
SHENFLD;SHENFMS;PASS;STOP;90
SHENFLD;SHENFMS;STOP;STOP;120
SHENFMS;SHENFLD;PASS;PASS;105
SHENFMS;SHENFLD;STOP;PASS;120
SHENFMS;SHENFLD;PASS;STOP;120
SHENFMS;SHENFLD;STOP;STOP;120
RDNGNJN;ZZZREJN;PASS;PASS;40
RDNGNJN;ZZZREJN;STOP;PASS;65
RDNGNJN;ZZZREJN;PASS;STOP;65
RDNGNJN;ZZZREJN;STOP;STOP;80
ZZZREJN;RDNGNJN;PASS;PASS;30
ZZZREJN;RDNGNJN;STOP;PASS;45
ZZZREJN;RDNGNJN;PASS;STOP;45
ZZZREJN;RDNGNJN;STOP;STOP;60
FRSTGT;MRYLAND;PASS;PASS;173
FRSTGT;MRYLAND;STOP;PASS;188
FRSTGT;MRYLAND;PASS;STOP;188
FRSTGT;MRYLAND;STOP;STOP;90
MRYLAND;FRSTGT;PASS;PASS;143
MRYLAND;FRSTGT;STOP;PASS;158
MRYLAND;FRSTGT;PASS;STOP;158
MRYLAND;FRSTGT;STOP;STOP;90
STKYJN;HTRWAJN;PASS;PASS;68
STKYJN;HTRWAJN;STOP;PASS;83
STKYJN;HTRWAJN;PASS;STOP;83
STKYJN;HTRWAJN;STOP;STOP;98
HTRWAJN;STKYJN;PASS;PASS;40
HTRWAJN;STKYJN;STOP;PASS;75
HTRWAJN;STKYJN;PASS;STOP;75
HTRWAJN;STKYJN;STOP;STOP;90
ILFEMUD;ILFELWJ;PASS;PASS;158
ILFEMUD;ILFELWJ;STOP;PASS;173
ILFEMUD;ILFELWJ;PASS;STOP;173
ILFEMUD;ILFELWJ;STOP;STOP;188
ILFELWJ;ILFEMUD;PASS;PASS;333
ILFELWJ;ILFEMUD;STOP;PASS;348
ILFELWJ;ILFEMUD;PASS;STOP;348
ILFELWJ;ILFEMUD;STOP;STOP;363
ROJAOJN;PADTLL;PASS;PASS;49
ROJAOJN;PADTLL;STOP;PASS;64
ROJAOJN;PADTLL;PASS;STOP;16
ROJAOJN;PADTLL;STOP;STOP;79
PADTLL;ROJAOJN;PASS;PASS;46
PADTLL;ROJAOJN;STOP;PASS;47
PADTLL;ROJAOJN;PASS;STOP;61
PADTLL;ROJAOJN;STOP;STOP;76
MDNHEAD;RUSCOMB;PASS;PASS;234
MDNHEAD;RUSCOMB;STOP;PASS;257
MDNHEAD;RUSCOMB;PASS;STOP;319
MDNHEAD;RUSCOMB;STOP;STOP;334
RUSCOMB;MDNHEAD;PASS;PASS;212
RUSCOMB;MDNHEAD;STOP;PASS;250
RUSCOMB;MDNHEAD;PASS;STOP;258
RUSCOMB;MDNHEAD;STOP;STOP;265
LANGLEY;DOLPHNJ;PASS;PASS;56
LANGLEY;DOLPHNJ;STOP;PASS;82
LANGLEY;DOLPHNJ;PASS;STOP;74
LANGLEY;DOLPHNJ;STOP;STOP;89
DOLPHNJ;LANGLEY;PASS;PASS;59
DOLPHNJ;LANGLEY;STOP;PASS;74
DOLPHNJ;LANGLEY;PASS;STOP;83
DOLPHNJ;LANGLEY;STOP;STOP;89
SLOUGHW;ZZZFRD;PASS;PASS;23
SLOUGHW;ZZZFRD;STOP;PASS;38
SLOUGHW;ZZZFRD;PASS;STOP;38
SLOUGHW;ZZZFRD;STOP;STOP;53
ZZZFRD;SLOUGHW;PASS;PASS;16
ZZZFRD;SLOUGHW;STOP;PASS;38
ZZZFRD;SLOUGHW;PASS;STOP;38
ZZZFRD;SLOUGHW;STOP;STOP;53
OLDOXRS;OLDOBL;PASS;PASS;289
OLDOXRS;OLDOBL;STOP;PASS;304
OLDOXRS;OLDOBL;PASS;STOP;304
OLDOXRS;OLDOBL;STOP;STOP;319
OLDOBL;OLDOXRS;PASS;PASS;290
OLDOBL;OLDOXRS;STOP;PASS;305
OLDOBL;OLDOXRS;PASS;STOP;191
OLDOBL;OLDOXRS;STOP;STOP;320
STHALWJ;HAYESAH;PASS;PASS;68
STHALWJ;HAYESAH;STOP;PASS;83
STHALWJ;HAYESAH;PASS;STOP;84
STHALWJ;HAYESAH;STOP;STOP;98
HAYESAH;STHALWJ;PASS;PASS;55
HAYESAH;STHALWJ;STOP;PASS;83
HAYESAH;STHALWJ;PASS;STOP;124
HAYESAH;STHALWJ;STOP;STOP;139
GIDEPKJ;HRLDWOD;PASS;PASS;57
GIDEPKJ;HRLDWOD;STOP;PASS;72
GIDEPKJ;HRLDWOD;PASS;STOP;76
GIDEPKJ;HRLDWOD;STOP;STOP;87
HRLDWOD;GIDEPKJ;PASS;PASS;51
HRLDWOD;GIDEPKJ;STOP;PASS;75
HRLDWOD;GIDEPKJ;PASS;STOP;66
HRLDWOD;GIDEPKJ;STOP;STOP;81
HTRWAJN;HAYESAH;PASS;PASS;22
HTRWAJN;HAYESAH;STOP;PASS;60
HTRWAJN;HAYESAH;PASS;STOP;30
HTRWAJN;HAYESAH;STOP;STOP;75
HAYESAH;HTRWAJN;PASS;PASS;29
HAYESAH;HTRWAJN;STOP;PASS;30
HAYESAH;HTRWAJN;PASS;STOP;44
HAYESAH;HTRWAJN;STOP;STOP;59
PLMSEJ;ABWDXR;PASS;PASS;105
PLMSEJ;ABWDXR;STOP;PASS;120
PLMSEJ;ABWDXR;PASS;STOP;90
PLMSEJ;ABWDXR;STOP;STOP;135
ABWDXR;PLMSEJ;PASS;PASS;45
ABWDXR;PLMSEJ;STOP;PASS;60
ABWDXR;PLMSEJ;PASS;STOP;60
ABWDXR;PLMSEJ;STOP;STOP;75
OLDOENG;OLDOKCE;PASS;PASS;105
OLDOENG;OLDOKCE;STOP;PASS;120
OLDOENG;OLDOKCE;PASS;STOP;120
OLDOENG;OLDOKCE;STOP;STOP;135
OLDOKCE;OLDOENG;PASS;PASS;105
OLDOKCE;OLDOENG;STOP;PASS;120
OLDOKCE;OLDOENG;PASS;STOP;120
OLDOKCE;OLDOENG;STOP;STOP;135
EALINGB;WEALING;PASS;PASS;116
EALINGB;WEALING;STOP;PASS;62
EALINGB;WEALING;PASS;STOP;150
EALINGB;WEALING;STOP;STOP;90
WEALING;EALINGB;PASS;PASS;116
WEALING;EALINGB;STOP;PASS;148
WEALING;EALINGB;PASS;STOP;90
WEALING;EALINGB;STOP;STOP;90
MANPKJ;ILFORD;PASS;PASS;164
MANPKJ;ILFORD;STOP;PASS;179
MANPKJ;ILFORD;PASS;STOP;92
MANPKJ;ILFORD;STOP;STOP;194
ILFORD;MANPKJ;PASS;PASS;130
ILFORD;MANPKJ;STOP;PASS;91
ILFORD;MANPKJ;PASS;STOP;145
ILFORD;MANPKJ;STOP;STOP;85
OLDOXRS;OLDOXDP;PASS;PASS;285
OLDOXRS;OLDOXDP;STOP;PASS;300
OLDOXRS;OLDOXDP;PASS;STOP;300
OLDOXRS;OLDOXDP;STOP;STOP;315
OLDOXDP;OLDOXRS;PASS;PASS;285
OLDOXDP;OLDOXRS;STOP;PASS;300
OLDOXDP;OLDOXRS;PASS;STOP;300
OLDOXDP;OLDOXRS;STOP;STOP;315
FRIARSJ;ZZZACTE;PASS;PASS;20
FRIARSJ;ZZZACTE;STOP;PASS;47
FRIARSJ;ZZZACTE;PASS;STOP;47
FRIARSJ;ZZZACTE;STOP;STOP;62
ZZZACTE;FRIARSJ;PASS;PASS;27
ZZZACTE;FRIARSJ;STOP;PASS;48
ZZZACTE;FRIARSJ;PASS;STOP;48
ZZZACTE;FRIARSJ;STOP;STOP;63
ROJAOJN;WBRNPKS;PASS;PASS;43
ROJAOJN;WBRNPKS;STOP;PASS;72
ROJAOJN;WBRNPKS;PASS;STOP;43
ROJAOJN;WBRNPKS;STOP;STOP;87
WBRNPKS;ROJAOJN;PASS;PASS;14
WBRNPKS;ROJAOJN;STOP;PASS;56
WBRNPKS;ROJAOJN;PASS;STOP;57
WBRNPKS;ROJAOJN;STOP;STOP;72
GIDEPKJ;GIDEPKS;PASS;PASS;105
GIDEPKJ;GIDEPKS;STOP;PASS;120
GIDEPKJ;GIDEPKS;PASS;STOP;120
GIDEPKJ;GIDEPKS;STOP;STOP;135
GIDEPKS;GIDEPKJ;PASS;PASS;105
GIDEPKS;GIDEPKJ;STOP;PASS;120
GIDEPKS;GIDEPKJ;PASS;STOP;120
GIDEPKS;GIDEPKJ;STOP;STOP;135
HTRWAPT;HTRWTM5;PASS;PASS;210
HTRWAPT;HTRWTM5;STOP;PASS;225
HTRWAPT;HTRWTM5;PASS;STOP;225
HTRWAPT;HTRWTM5;STOP;STOP;210
HTRWTM5;HTRWAPT;PASS;PASS;180
HTRWTM5;HTRWAPT;STOP;PASS;195
HTRWTM5;HTRWAPT;PASS;STOP;195
HTRWTM5;HTRWAPT;STOP;STOP;210
RDNGKBJ;RDNGKBL;PASS;PASS;45
RDNGKBJ;RDNGKBL;STOP;PASS;30
RDNGKBJ;RDNGKBL;PASS;STOP;60
RDNGKBJ;RDNGKBL;STOP;STOP;75
RDNGKBL;RDNGKBJ;PASS;PASS;45
RDNGKBL;RDNGKBJ;STOP;PASS;30
RDNGKBL;RDNGKBJ;PASS;STOP;60
RDNGKBL;RDNGKBJ;STOP;STOP;75
HTRWAPT;HTRWTM4;PASS;PASS;240
HTRWAPT;HTRWTM4;STOP;PASS;255
HTRWAPT;HTRWTM4;PASS;STOP;255
HTRWAPT;HTRWTM4;STOP;STOP;240
HTRWTM4;HTRWAPT;PASS;PASS;210
HTRWTM4;HTRWAPT;STOP;PASS;225
HTRWTM4;HTRWAPT;PASS;STOP;225
HTRWTM4;HTRWAPT;STOP;STOP;240
ZZZACTE;ACTONML;PASS;PASS;9
ZZZACTE;ACTONML;STOP;PASS;34
ZZZACTE;ACTONML;PASS;STOP;12
ZZZACTE;ACTONML;STOP;STOP;49
ACTONML;ZZZACTE;PASS;PASS;13
ACTONML;ZZZACTE;STOP;PASS;11
ACTONML;ZZZACTE;PASS;STOP;28
ACTONML;ZZZACTE;STOP;STOP;43
HTRWTJN;HTRWAJN;PASS;PASS;60
HTRWTJN;HTRWAJN;STOP;PASS;75
HTRWTJN;HTRWAJN;PASS;STOP;75
HTRWTJN;HTRWAJN;STOP;STOP;90
HTRWAJN;HTRWTJN;PASS;PASS;62
HTRWAJN;HTRWTJN;STOP;PASS;77
HTRWAJN;HTRWTJN;PASS;STOP;77
HTRWAJN;HTRWTJN;STOP;STOP;92
LIVSTLL;FRNDXR;PASS;PASS;44
LIVSTLL;FRNDXR;STOP;PASS;59
LIVSTLL;FRNDXR;PASS;STOP;59
LIVSTLL;FRNDXR;STOP;STOP;90
FRNDXR;LIVSTLL;PASS;PASS;60
FRNDXR;LIVSTLL;STOP;PASS;75
FRNDXR;LIVSTLL;PASS;STOP;75
FRNDXR;LIVSTLL;STOP;STOP;90
SPNYGNJ;WCHAPXR;PASS;PASS;43
SPNYGNJ;WCHAPXR;STOP;PASS;58
SPNYGNJ;WCHAPXR;PASS;STOP;60
SPNYGNJ;WCHAPXR;STOP;STOP;73
WCHAPXR;SPNYGNJ;PASS;PASS;45
WCHAPXR;SPNYGNJ;STOP;PASS;60
WCHAPXR;SPNYGNJ;PASS;STOP;60
WCHAPXR;SPNYGNJ;STOP;STOP;75
ACTONW;ACTONML;PASS;PASS;57
ACTONW;ACTONML;STOP;PASS;72
ACTONW;ACTONML;PASS;STOP;90
ACTONW;ACTONML;STOP;STOP;87
ACTONML;ACTONW;PASS;PASS;36
ACTONML;ACTONW;STOP;PASS;60
ACTONML;ACTONW;PASS;STOP;94
ACTONML;ACTONW;STOP;STOP;109
PLMSEJ;PLMSRS;PASS;PASS;165
PLMSEJ;PLMSRS;STOP;PASS;180
PLMSEJ;PLMSRS;PASS;STOP;150
PLMSEJ;PLMSRS;STOP;STOP;195
PLMSRS;PLMSEJ;PASS;PASS;105
PLMSRS;PLMSEJ;STOP;PASS;120
PLMSRS;PLMSEJ;PASS;STOP;120
PLMSRS;PLMSEJ;STOP;STOP;135
OLDOKCE;OLDOBL;PASS;PASS;109
OLDOKCE;OLDOBL;STOP;PASS;190
OLDOKCE;OLDOBL;PASS;STOP;190
OLDOKCE;OLDOBL;STOP;STOP;205
OLDOBL;OLDOKCE;PASS;PASS;176
OLDOBL;OLDOKCE;STOP;PASS;191
OLDOBL;OLDOKCE;PASS;STOP;191
OLDOBL;OLDOKCE;STOP;STOP;206
ZZZHAN;WEALJN;PASS;PASS;33
ZZZHAN;WEALJN;STOP;PASS;49
ZZZHAN;WEALJN;PASS;STOP;49
ZZZHAN;WEALJN;STOP;STOP;64
WEALJN;ZZZHAN;PASS;PASS;40
WEALJN;ZZZHAN;STOP;PASS;80
WEALJN;ZZZHAN;PASS;STOP;80
WEALJN;ZZZHAN;STOP;STOP;95
CUSTWBT;CANWHRF;PASS;PASS;107
CUSTWBT;CANWHRF;STOP;PASS;122
CUSTWBT;CANWHRF;PASS;STOP;160
CUSTWBT;CANWHRF;STOP;STOP;137
CANWHRF;CUSTWBT;PASS;PASS;144
CANWHRF;CUSTWBT;STOP;PASS;159
CANWHRF;CUSTWBT;PASS;STOP;159
CANWHRF;CUSTWBT;STOP;STOP;174
ROMFORD;GIDEAPK;PASS;PASS;76
ROMFORD;GIDEAPK;STOP;PASS;159
ROMFORD;GIDEAPK;PASS;STOP;88
ROMFORD;GIDEAPK;STOP;STOP;120
GIDEAPK;ROMFORD;PASS;PASS;68
GIDEAPK;ROMFORD;STOP;PASS;152
GIDEAPK;ROMFORD;PASS;STOP;152
GIDEAPK;ROMFORD;STOP;STOP;120
OLDOXAR;OLDOXRS;PASS;PASS;585
OLDOXAR;OLDOXRS;STOP;PASS;600
OLDOXAR;OLDOXRS;PASS;STOP;600
OLDOXAR;OLDOXRS;STOP;STOP;615
OLDOXRS;OLDOXAR;PASS;PASS;585
OLDOXRS;OLDOXAR;STOP;PASS;600
OLDOXRS;OLDOXAR;PASS;STOP;600
OLDOXRS;OLDOXAR;STOP;STOP;615
TWYFDW;RDNGKBL;PASS;PASS;270
TWYFDW;RDNGKBL;STOP;PASS;285
TWYFDW;RDNGKBL;PASS;STOP;285
TWYFDW;RDNGKBL;STOP;STOP;300
RDNGKBL;TWYFDW;PASS;PASS;270
RDNGKBL;TWYFDW;STOP;PASS;285
RDNGKBL;TWYFDW;PASS;STOP;285
RDNGKBL;TWYFDW;STOP;STOP;300
HTRWTJN;STKYJN;PASS;PASS;20
HTRWTJN;STKYJN;STOP;PASS;45
HTRWTJN;STKYJN;PASS;STOP;45
HTRWTJN;STKYJN;STOP;STOP;60
STKYJN;HTRWTJN;PASS;PASS;20
STKYJN;HTRWTJN;STOP;PASS;45
STKYJN;HTRWTJN;PASS;STOP;45
STKYJN;HTRWTJN;STOP;STOP;60
TWYFDW;RDNGKBJ;PASS;PASS;198
TWYFDW;RDNGKBJ;STOP;PASS;263
TWYFDW;RDNGKBJ;PASS;STOP;263
TWYFDW;RDNGKBJ;STOP;STOP;278
RDNGKBJ;TWYFDW;PASS;PASS;148
RDNGKBJ;TWYFDW;STOP;PASS;188
RDNGKBJ;TWYFDW;PASS;STOP;188
RDNGKBJ;TWYFDW;STOP;STOP;203
PLMSXCR;PLMSRS;PASS;PASS;90
PLMSXCR;PLMSRS;STOP;PASS;105
PLMSXCR;PLMSRS;PASS;STOP;105
PLMSXCR;PLMSRS;STOP;STOP;120
PLMSRS;PLMSXCR;PASS;PASS;90
PLMSRS;PLMSXCR;STOP;PASS;105
PLMSRS;PLMSXCR;PASS;STOP;105
PLMSRS;PLMSXCR;STOP;STOP;120
CUSTWBT;CUSTMHS;PASS;PASS;6
CUSTWBT;CUSTMHS;STOP;PASS;21
CUSTWBT;CUSTMHS;PASS;STOP;21
CUSTWBT;CUSTMHS;STOP;STOP;36
CUSTMHS;CUSTWBT;PASS;PASS;17
CUSTMHS;CUSTWBT;STOP;PASS;20
CUSTMHS;CUSTWBT;PASS;STOP;32
CUSTMHS;CUSTWBT;STOP;STOP;47
ACTONW;EALINGB;PASS;PASS;92
ACTONW;EALINGB;STOP;PASS;123
ACTONW;EALINGB;PASS;STOP;60
ACTONW;EALINGB;STOP;STOP;138
EALINGB;ACTONW;PASS;PASS;94
EALINGB;ACTONW;STOP;PASS;60
EALINGB;ACTONW;PASS;STOP;122
EALINGB;ACTONW;STOP;STOP;137
SLOUGHW;SLOUGH;PASS;PASS;36
SLOUGHW;SLOUGH;STOP;PASS;51
SLOUGHW;SLOUGH;PASS;STOP;49
SLOUGHW;SLOUGH;STOP;STOP;66
SLOUGH;SLOUGHW;PASS;PASS;70
SLOUGH;SLOUGHW;STOP;PASS;48
SLOUGH;SLOUGHW;PASS;STOP;85
SLOUGH;SLOUGHW;STOP;STOP;100
SHENLEJ;BRTWOOD;PASS;PASS;120
SHENLEJ;BRTWOOD;STOP;PASS;135
SHENLEJ;BRTWOOD;PASS;STOP;180
SHENLEJ;BRTWOOD;STOP;STOP;150
BRTWOOD;SHENLEJ;PASS;PASS;137
BRTWOOD;SHENLEJ;STOP;PASS;179
BRTWOOD;SHENLEJ;PASS;STOP;152
BRTWOOD;SHENLEJ;STOP;STOP;167
OLDOKCW;OLDOKCE;PASS;PASS;30
OLDOKCW;OLDOKCE;STOP;PASS;51
OLDOKCW;OLDOKCE;PASS;STOP;51
OLDOKCW;OLDOKCE;STOP;STOP;66
OLDOKCE;OLDOKCW;PASS;PASS;23
OLDOKCE;OLDOKCW;STOP;PASS;51
OLDOKCE;OLDOKCW;PASS;STOP;51
OLDOKCE;OLDOKCW;STOP;STOP;66
OLDOXAR;LDBRKJ;PASS;PASS;120
OLDOXAR;LDBRKJ;STOP;PASS;195
OLDOXAR;LDBRKJ;PASS;STOP;195
OLDOXAR;LDBRKJ;STOP;STOP;210
LDBRKJ;OLDOXAR;PASS;PASS;120
LDBRKJ;OLDOXAR;STOP;PASS;195
LDBRKJ;OLDOXAR;PASS;STOP;195
LDBRKJ;OLDOXAR;STOP;STOP;210
STKYJN;WDRYTON;PASS;PASS;57
STKYJN;WDRYTON;STOP;PASS;81
STKYJN;WDRYTON;PASS;STOP;83
STKYJN;WDRYTON;STOP;STOP;96
WDRYTON;STKYJN;PASS;PASS;92
WDRYTON;STKYJN;STOP;PASS;82
WDRYTON;STKYJN;PASS;STOP;116
WDRYTON;STKYJN;STOP;STOP;131
STHALWJ;STHALL;PASS;PASS;67
STHALWJ;STHALL;STOP;PASS;101
STHALWJ;STHALL;PASS;STOP;43
STHALWJ;STHALL;STOP;STOP;116
STHALL;STHALWJ;PASS;PASS;53
STHALL;STHALWJ;STOP;PASS;66
STHALL;STHALWJ;PASS;STOP;68
STHALL;STHALWJ;STOP;STOP;83
PLMSEJ;WOLWXR;PASS;PASS;59
PLMSEJ;WOLWXR;STOP;PASS;74
PLMSEJ;WOLWXR;PASS;STOP;120
PLMSEJ;WOLWXR;STOP;STOP;89
WOLWXR;PLMSEJ;PASS;PASS;105
WOLWXR;PLMSEJ;STOP;PASS;120
WOLWXR;PLMSEJ;PASS;STOP;120
WOLWXR;PLMSEJ;STOP;STOP;135
ROYAOJN;PRTOBJP;PASS;PASS;60
ROYAOJN;PRTOBJP;STOP;PASS;75
ROYAOJN;PRTOBJP;PASS;STOP;75
ROYAOJN;PRTOBJP;STOP;STOP;90
PRTOBJP;ROYAOJN;PASS;PASS;60
PRTOBJP;ROYAOJN;STOP;PASS;75
PRTOBJP;ROYAOJN;PASS;STOP;75
PRTOBJP;ROYAOJN;STOP;STOP;90
TAPLOW;BNHAM;PASS;PASS;79
TAPLOW;BNHAM;STOP;PASS;94
TAPLOW;BNHAM;PASS;STOP;112
TAPLOW;BNHAM;STOP;STOP;150
BNHAM;TAPLOW;PASS;PASS;158
BNHAM;TAPLOW;STOP;PASS;111
BNHAM;TAPLOW;PASS;STOP;173
BNHAM;TAPLOW;STOP;STOP;150
PADTLL;BONDST;PASS;PASS;120
PADTLL;BONDST;STOP;PASS;135
PADTLL;BONDST;PASS;STOP;135
PADTLL;BONDST;STOP;STOP;150
BONDST;PADTLL;PASS;PASS;91
BONDST;PADTLL;STOP;PASS;106
BONDST;PADTLL;PASS;STOP;106
BONDST;PADTLL;STOP;STOP;180
GIDEAPK;GIDEPKJ;PASS;PASS;57
GIDEAPK;GIDEPKJ;STOP;PASS;74
GIDEAPK;GIDEPKJ;PASS;STOP;105
GIDEAPK;GIDEPKJ;STOP;STOP;80
GIDEPKJ;GIDEAPK;PASS;PASS;52
GIDEPKJ;GIDEAPK;STOP;PASS;80
GIDEPKJ;GIDEAPK;PASS;STOP;75
GIDEPKJ;GIDEAPK;STOP;STOP;95
MANPKJ;MANRPK;PASS;PASS;40
MANPKJ;MANRPK;STOP;PASS;55
MANPKJ;MANRPK;PASS;STOP;29
MANPKJ;MANRPK;STOP;STOP;70
MANRPK;MANPKJ;PASS;PASS;50
MANRPK;MANPKJ;STOP;PASS;28
MANRPK;MANPKJ;PASS;STOP;65
MANRPK;MANPKJ;STOP;STOP;80
TOTCTRD;BONDST;PASS;PASS;39
TOTCTRD;BONDST;STOP;PASS;54
TOTCTRD;BONDST;PASS;STOP;54
TOTCTRD;BONDST;STOP;STOP;90
BONDST;TOTCTRD;PASS;PASS;30
BONDST;TOTCTRD;STOP;PASS;45
BONDST;TOTCTRD;PASS;STOP;45
BONDST;TOTCTRD;STOP;STOP;60
WDRYJN;WDRYTON;PASS;PASS;16
WDRYJN;WDRYTON;STOP;PASS;32
WDRYJN;WDRYTON;PASS;STOP;11
WDRYJN;WDRYTON;STOP;STOP;47
WDRYTON;WDRYJN;PASS;PASS;10
WDRYTON;WDRYJN;STOP;PASS;10
WDRYTON;WDRYJN;PASS;STOP;26
WDRYTON;WDRYJN;STOP;STOP;41
CHDWHTT;CHDWLHT;PASS;PASS;31
CHDWHTT;CHDWLHT;STOP;PASS;46
CHDWHTT;CHDWLHT;PASS;STOP;46
CHDWHTT;CHDWLHT;STOP;STOP;61
CHDWLHT;CHDWHTT;PASS;PASS;49
CHDWLHT;CHDWHTT;STOP;PASS;64
CHDWLHT;CHDWHTT;PASS;STOP;64
CHDWLHT;CHDWHTT;STOP;STOP;79
FRSTGTJ;MANRPK;PASS;PASS;86
FRSTGTJ;MANRPK;STOP;PASS;101
FRSTGTJ;MANRPK;PASS;STOP;60
FRSTGTJ;MANRPK;STOP;STOP;116
MANRPK;FRSTGTJ;PASS;PASS;70
MANRPK;FRSTGTJ;STOP;PASS;60
MANRPK;FRSTGTJ;PASS;STOP;85
MANRPK;FRSTGTJ;STOP;STOP;41
GIDEAPK;GIDEPKS;PASS;PASS;135
GIDEAPK;GIDEPKS;STOP;PASS;150
GIDEAPK;GIDEPKS;PASS;STOP;150
GIDEAPK;GIDEPKS;STOP;STOP;120
GIDEPKS;GIDEAPK;PASS;PASS;105
GIDEPKS;GIDEAPK;STOP;PASS;120
GIDEPKS;GIDEAPK;PASS;STOP;120
GIDEPKS;GIDEAPK;STOP;STOP;120
GIDEAPK;GIDEPKM;PASS;PASS;53
GIDEAPK;GIDEPKM;STOP;PASS;68
GIDEAPK;GIDEPKM;PASS;STOP;68
GIDEAPK;GIDEPKM;STOP;STOP;83
GIDEPKM;GIDEAPK;PASS;PASS;36
GIDEPKM;GIDEAPK;STOP;PASS;51
GIDEPKM;GIDEAPK;PASS;STOP;51
GIDEPKM;GIDEAPK;STOP;STOP;72
LDBRKJ;OLDOKCE;PASS;PASS;41
LDBRKJ;OLDOKCE;STOP;PASS;81
LDBRKJ;OLDOKCE;PASS;STOP;81
LDBRKJ;OLDOKCE;STOP;STOP;96
OLDOKCE;LDBRKJ;PASS;PASS;56
OLDOKCE;LDBRKJ;STOP;PASS;83
OLDOKCE;LDBRKJ;PASS;STOP;83
OLDOKCE;LDBRKJ;STOP;STOP;98
ZZZHBJN;STHALEJ;PASS;PASS;55
ZZZHBJN;STHALEJ;STOP;PASS;82
ZZZHBJN;STHALEJ;PASS;STOP;82
ZZZHBJN;STHALEJ;STOP;STOP;97
STHALEJ;ZZZHBJN;PASS;PASS;46
STHALEJ;ZZZHBJN;STOP;PASS;61
STHALEJ;ZZZHBJN;PASS;STOP;61
STHALEJ;ZZZHBJN;STOP;STOP;76
STHALEJ;STHALL;PASS;PASS;22
STHALEJ;STHALL;STOP;PASS;37
STHALEJ;STHALL;PASS;STOP;22
STHALEJ;STHALL;STOP;STOP;52
STHALL;STHALEJ;PASS;PASS;18
STHALL;STHALEJ;STOP;PASS;18
STHALL;STHALEJ;PASS;STOP;33
STHALL;STHALEJ;STOP;STOP;48
LIVSTLL;WCHAVRD;PASS;PASS;84
LIVSTLL;WCHAVRD;STOP;PASS;99
LIVSTLL;WCHAVRD;PASS;STOP;99
LIVSTLL;WCHAVRD;STOP;STOP;114
WCHAVRD;LIVSTLL;PASS;PASS;60
WCHAVRD;LIVSTLL;STOP;PASS;75
WCHAVRD;LIVSTLL;PASS;STOP;100
WCHAVRD;LIVSTLL;STOP;STOP;90
WDRYJN;IVER;PASS;PASS;74
WDRYJN;IVER;STOP;PASS;93
WDRYJN;IVER;PASS;STOP;133
WDRYJN;IVER;STOP;STOP;108
IVER;WDRYJN;PASS;PASS;78
IVER;WDRYJN;STOP;PASS;132
IVER;WDRYJN;PASS;STOP;93
IVER;WDRYJN;STOP;STOP;108
LDBRKJ;OLDOXDP;PASS;PASS;120
LDBRKJ;OLDOXDP;STOP;PASS;135
LDBRKJ;OLDOXDP;PASS;STOP;135
LDBRKJ;OLDOXDP;STOP;STOP;150
OLDOXDP;LDBRKJ;PASS;PASS;120
OLDOXDP;LDBRKJ;STOP;PASS;135
OLDOXDP;LDBRKJ;PASS;STOP;135
OLDOXDP;LDBRKJ;STOP;STOP;150
GIDECES;GIDEPKJ;PASS;PASS;14
GIDECES;GIDEPKJ;STOP;PASS;9
GIDECES;GIDEPKJ;PASS;STOP;14
GIDECES;GIDEPKJ;STOP;STOP;29
GIDEPKJ;GIDECES;PASS;PASS;7
GIDEPKJ;GIDECES;STOP;PASS;22
GIDEPKJ;GIDECES;PASS;STOP;22
GIDEPKJ;GIDECES;STOP;STOP;37
BTHNLGR;BOWJ;PASS;PASS;120
BTHNLGR;BOWJ;STOP;PASS;135
BTHNLGR;BOWJ;PASS;STOP;135
BTHNLGR;BOWJ;STOP;STOP;150
BOWJ;BTHNLGR;PASS;PASS;120
BOWJ;BTHNLGR;STOP;PASS;135
BOWJ;BTHNLGR;PASS;STOP;135
BOWJ;BTHNLGR;STOP;STOP;150
SHENLEJ;SHENFLD;PASS;PASS;33
SHENLEJ;SHENFLD;STOP;PASS;48
SHENLEJ;SHENFLD;PASS;STOP;24
SHENLEJ;SHENFLD;STOP;STOP;63
SHENFLD;SHENLEJ;PASS;PASS;23
SHENFLD;SHENLEJ;STOP;PASS;20
SHENFLD;SHENLEJ;PASS;STOP;40
SHENFLD;SHENLEJ;STOP;STOP;60
BRTWOOD;HRLDWOD;PASS;PASS;229
BRTWOOD;HRLDWOD;STOP;PASS;244
BRTWOOD;HRLDWOD;PASS;STOP;244
BRTWOOD;HRLDWOD;STOP;STOP;210
HRLDWOD;BRTWOOD;PASS;PASS;262
HRLDWOD;BRTWOOD;STOP;PASS;277
HRLDWOD;BRTWOOD;PASS;STOP;277
HRLDWOD;BRTWOOD;STOP;STOP;210
WBRNPKS;PRTOBJP;PASS;PASS;30
WBRNPKS;PRTOBJP;STOP;PASS;60
WBRNPKS;PRTOBJP;PASS;STOP;75
WBRNPKS;PRTOBJP;STOP;STOP;90
PRTOBJP;WBRNPKS;PASS;PASS;28
PRTOBJP;WBRNPKS;STOP;PASS;105
PRTOBJP;WBRNPKS;PASS;STOP;60
PRTOBJP;WBRNPKS;STOP;STOP;120
PUDGMLL;BOWJ;PASS;PASS;36
PUDGMLL;BOWJ;STOP;PASS;51
PUDGMLL;BOWJ;PASS;STOP;51
PUDGMLL;BOWJ;STOP;STOP;66
BOWJ;PUDGMLL;PASS;PASS;35
BOWJ;PUDGMLL;STOP;PASS;61
BOWJ;PUDGMLL;PASS;STOP;61
BOWJ;PUDGMLL;STOP;STOP;76
WCHAVRD;WCHAPXR;PASS;PASS;6
WCHAVRD;WCHAPXR;STOP;PASS;21
WCHAVRD;WCHAPXR;PASS;STOP;21
WCHAVRD;WCHAPXR;STOP;STOP;36
WCHAPXR;WCHAVRD;PASS;PASS;15
WCHAPXR;WCHAVRD;STOP;PASS;20
WCHAPXR;WCHAVRD;PASS;STOP;30
WCHAPXR;WCHAVRD;STOP;STOP;45
SPNYGNJ;PUDGMLL;PASS;PASS;150
SPNYGNJ;PUDGMLL;STOP;PASS;165
SPNYGNJ;PUDGMLL;PASS;STOP;165
SPNYGNJ;PUDGMLL;STOP;STOP;180
PUDGMLL;SPNYGNJ;PASS;PASS;150
PUDGMLL;SPNYGNJ;STOP;PASS;165
PUDGMLL;SPNYGNJ;PASS;STOP;165
PUDGMLL;SPNYGNJ;STOP;STOP;180
ILFELEJ;ILFORD;PASS;PASS;56
ILFELEJ;ILFORD;STOP;PASS;71
ILFELEJ;ILFORD;PASS;STOP;55
ILFELEJ;ILFORD;STOP;STOP;86
ILFORD;ILFELEJ;PASS;PASS;30
ILFORD;ILFELEJ;STOP;PASS;43
ILFORD;ILFELEJ;PASS;STOP;45
ILFORD;ILFELEJ;STOP;STOP;60
TWYFORD;RUSCOMB;PASS;PASS;58
TWYFORD;RUSCOMB;STOP;PASS;78
TWYFORD;RUSCOMB;PASS;STOP;87
TWYFORD;RUSCOMB;STOP;STOP;102
RUSCOMB;TWYFORD;PASS;PASS;66
RUSCOMB;TWYFORD;STOP;PASS;101
RUSCOMB;TWYFORD;PASS;STOP;79
RUSCOMB;TWYFORD;STOP;STOP;116
BTHNLGR;WHELSTJ;PASS;PASS;97
BTHNLGR;WHELSTJ;STOP;PASS;112
BTHNLGR;WHELSTJ;PASS;STOP;112
BTHNLGR;WHELSTJ;STOP;STOP;127
WHELSTJ;BTHNLGR;PASS;PASS;84
WHELSTJ;BTHNLGR;STOP;PASS;99
WHELSTJ;BTHNLGR;PASS;STOP;99
WHELSTJ;BTHNLGR;STOP;STOP;114
ILFELEJ;ILFELWJ;PASS;PASS;58
ILFELEJ;ILFELWJ;STOP;PASS;73
ILFELEJ;ILFELWJ;PASS;STOP;32
ILFELEJ;ILFELWJ;STOP;STOP;88
ILFELWJ;ILFELEJ;PASS;PASS;46
ILFELWJ;ILFELEJ;STOP;PASS;87
ILFELWJ;ILFELEJ;PASS;STOP;50
ILFELWJ;ILFELEJ;STOP;STOP;102
TOTCFST;TOTCTRD;PASS;PASS;41
TOTCFST;TOTCTRD;STOP;PASS;56
TOTCFST;TOTCTRD;PASS;STOP;60
TOTCFST;TOTCTRD;STOP;STOP;71
TOTCTRD;TOTCFST;PASS;PASS;58
TOTCTRD;TOTCFST;STOP;PASS;73
TOTCTRD;TOTCFST;PASS;STOP;73
TOTCTRD;TOTCFST;STOP;STOP;88
CANWHRF;SPNYGNJ;PASS;PASS;91
CANWHRF;SPNYGNJ;STOP;PASS;120
CANWHRF;SPNYGNJ;PASS;STOP;106
CANWHRF;SPNYGNJ;STOP;STOP;121
SPNYGNJ;CANWHRF;PASS;PASS;105
SPNYGNJ;CANWHRF;STOP;PASS;120
SPNYGNJ;CANWHRF;PASS;STOP;120
SPNYGNJ;CANWHRF;STOP;STOP;135
ROMFORD;CHDWLHT;PASS;PASS;145
ROMFORD;CHDWLHT;STOP;PASS;305
ROMFORD;CHDWLHT;PASS;STOP;305
ROMFORD;CHDWLHT;STOP;STOP;180
CHDWLHT;ROMFORD;PASS;PASS;160
CHDWLHT;ROMFORD;STOP;PASS;315
CHDWLHT;ROMFORD;PASS;STOP;315
CHDWLHT;ROMFORD;STOP;STOP;180
TAPLOW;MDNHDE;PASS;PASS;91
TAPLOW;MDNHDE;STOP;PASS;106
TAPLOW;MDNHDE;PASS;STOP;106
TAPLOW;MDNHDE;STOP;STOP;121
MDNHDE;TAPLOW;PASS;PASS;64
MDNHDE;TAPLOW;STOP;PASS;106
MDNHDE;TAPLOW;PASS;STOP;107
MDNHDE;TAPLOW;STOP;STOP;121